--
-- PostgreSQL database dump
--

\restrict Xx2eQxBT4X8UfppNkJasod3DNjGlQFjz4ZMVcMW5J5W0wCG9VEbhMRYmypUvXr4

-- Dumped from database version 15.17
-- Dumped by pg_dump version 15.17

SET statement_timeout = 0;
SET lock_timeout = 0;
SET idle_in_transaction_session_timeout = 0;
SET client_encoding = 'UTF8';
SET standard_conforming_strings = on;
SELECT pg_catalog.set_config('search_path', '', false);
SET check_function_bodies = false;
SET xmloption = content;
SET client_min_messages = warning;
SET row_security = off;

SET default_tablespace = '';

SET default_table_access_method = heap;

--
-- Name: admin_requests; Type: TABLE; Schema: public; Owner: venueon
--

CREATE TABLE public.admin_requests (
    id bigint NOT NULL,
    admin_comment text,
    attachment_url character varying(500),
    category character varying(30) NOT NULL,
    content text NOT NULL,
    created_at timestamp(6) without time zone NOT NULL,
    processed_at timestamp(6) without time zone,
    processed_by bigint,
    requester_id bigint NOT NULL,
    status character varying(20) NOT NULL,
    title character varying(200) NOT NULL,
    CONSTRAINT admin_requests_category_check CHECK (((category)::text = ANY ((ARRAY['BUSINESS_LICENSE'::character varying, 'HOST_INQUIRY'::character varying, 'USER_INQUIRY'::character varying, 'OTHER'::character varying])::text[]))),
    CONSTRAINT admin_requests_status_check CHECK (((status)::text = ANY ((ARRAY['PENDING'::character varying, 'REVIEWING'::character varying, 'COMPLETED'::character varying, 'REJECTED'::character varying, 'CANCELLED'::character varying])::text[])))
);


ALTER TABLE public.admin_requests OWNER TO venueon;

--
-- Name: admin_requests_id_seq; Type: SEQUENCE; Schema: public; Owner: venueon
--

ALTER TABLE public.admin_requests ALTER COLUMN id ADD GENERATED BY DEFAULT AS IDENTITY (
    SEQUENCE NAME public.admin_requests_id_seq
    START WITH 1
    INCREMENT BY 1
    NO MINVALUE
    NO MAXVALUE
    CACHE 1
);


--
-- Name: cart; Type: TABLE; Schema: public; Owner: venueon
--

CREATE TABLE public.cart (
    id bigint NOT NULL,
    created_at timestamp(6) without time zone NOT NULL,
    quantity integer NOT NULL,
    user_id bigint NOT NULL,
    event_session_id bigint NOT NULL
);


ALTER TABLE public.cart OWNER TO venueon;

--
-- Name: cart_id_seq; Type: SEQUENCE; Schema: public; Owner: venueon
--

ALTER TABLE public.cart ALTER COLUMN id ADD GENERATED BY DEFAULT AS IDENTITY (
    SEQUENCE NAME public.cart_id_seq
    START WITH 1
    INCREMENT BY 1
    NO MINVALUE
    NO MAXVALUE
    CACHE 1
);


--
-- Name: categories; Type: TABLE; Schema: public; Owner: venueon
--

CREATE TABLE public.categories (
    id bigint NOT NULL,
    description character varying(255),
    name character varying(255) NOT NULL,
    sort_order integer
);


ALTER TABLE public.categories OWNER TO venueon;

--
-- Name: categories_id_seq; Type: SEQUENCE; Schema: public; Owner: venueon
--

ALTER TABLE public.categories ALTER COLUMN id ADD GENERATED BY DEFAULT AS IDENTITY (
    SEQUENCE NAME public.categories_id_seq
    START WITH 1
    INCREMENT BY 1
    NO MINVALUE
    NO MAXVALUE
    CACHE 1
);


--
-- Name: comment_likes; Type: TABLE; Schema: public; Owner: venueon
--

CREATE TABLE public.comment_likes (
    id bigint NOT NULL,
    created_at timestamp(6) without time zone NOT NULL,
    comment_id bigint NOT NULL,
    user_id bigint NOT NULL
);


ALTER TABLE public.comment_likes OWNER TO venueon;

--
-- Name: comment_likes_id_seq; Type: SEQUENCE; Schema: public; Owner: venueon
--

ALTER TABLE public.comment_likes ALTER COLUMN id ADD GENERATED BY DEFAULT AS IDENTITY (
    SEQUENCE NAME public.comment_likes_id_seq
    START WITH 1
    INCREMENT BY 1
    NO MINVALUE
    NO MAXVALUE
    CACHE 1
);


--
-- Name: comments; Type: TABLE; Schema: public; Owner: venueon
--

CREATE TABLE public.comments (
    id bigint NOT NULL,
    content text NOT NULL,
    created_at timestamp(6) without time zone NOT NULL,
    is_hidden boolean NOT NULL,
    like_count integer,
    author_id bigint NOT NULL,
    parent_id bigint,
    post_id bigint NOT NULL
);


ALTER TABLE public.comments OWNER TO venueon;

--
-- Name: comments_id_seq; Type: SEQUENCE; Schema: public; Owner: venueon
--

ALTER TABLE public.comments ALTER COLUMN id ADD GENERATED BY DEFAULT AS IDENTITY (
    SEQUENCE NAME public.comments_id_seq
    START WITH 1
    INCREMENT BY 1
    NO MINVALUE
    NO MAXVALUE
    CACHE 1
);


--
-- Name: communities; Type: TABLE; Schema: public; Owner: venueon
--

CREATE TABLE public.communities (
    id bigint NOT NULL,
    created_at timestamp(6) without time zone NOT NULL,
    description text,
    is_public boolean,
    member_count integer,
    name character varying(255) NOT NULL,
    thumbnail_url character varying(255),
    creator_id bigint NOT NULL,
    event_id bigint
);


ALTER TABLE public.communities OWNER TO venueon;

--
-- Name: communities_id_seq; Type: SEQUENCE; Schema: public; Owner: venueon
--

ALTER TABLE public.communities ALTER COLUMN id ADD GENERATED BY DEFAULT AS IDENTITY (
    SEQUENCE NAME public.communities_id_seq
    START WITH 1
    INCREMENT BY 1
    NO MINVALUE
    NO MAXVALUE
    CACHE 1
);


--
-- Name: community_members; Type: TABLE; Schema: public; Owner: venueon
--

CREATE TABLE public.community_members (
    id bigint NOT NULL,
    joined_at timestamp(6) without time zone NOT NULL,
    is_manager boolean NOT NULL,
    community_id bigint NOT NULL,
    user_id bigint NOT NULL
);


ALTER TABLE public.community_members OWNER TO venueon;

--
-- Name: community_members_id_seq; Type: SEQUENCE; Schema: public; Owner: venueon
--

ALTER TABLE public.community_members ALTER COLUMN id ADD GENERATED BY DEFAULT AS IDENTITY (
    SEQUENCE NAME public.community_members_id_seq
    START WITH 1
    INCREMENT BY 1
    NO MINVALUE
    NO MAXVALUE
    CACHE 1
);


--
-- Name: event_sessions; Type: TABLE; Schema: public; Owner: venueon
--

CREATE TABLE public.event_sessions (
    id bigint NOT NULL,
    created_at timestamp(6) without time zone NOT NULL,
    current_attendees integer,
    description text,
    end_time timestamp(6) without time zone,
    is_default boolean,
    is_online boolean,
    location character varying(255),
    max_attendees integer,
    online_link character varying(255),
    price integer NOT NULL,
    region_sido character varying(255),
    region_sigungu character varying(255),
    sort_order integer,
    start_time timestamp(6) without time zone,
    title character varying(255) NOT NULL,
    updated_at timestamp(6) without time zone,
    event_id bigint NOT NULL,
    address_detail character varying(100),
    address_road character varying(200),
    forced_recruitment_status character varying(255),
    forced_session_status character varying(255),
    is_recruitment_closed boolean,
    recruit_end_date timestamp(6) without time zone,
    recruit_start_date timestamp(6) without time zone,
    CONSTRAINT event_sessions_forced_recruitment_status_check CHECK (((forced_recruitment_status)::text = ANY ((ARRAY['PENDING'::character varying, 'OPEN'::character varying, 'CLOSED'::character varying])::text[]))),
    CONSTRAINT event_sessions_forced_session_status_check CHECK (((forced_session_status)::text = ANY ((ARRAY['DRAFT'::character varying, 'PUBLISHED'::character varying, 'ONGOING'::character varying, 'ENDED'::character varying, 'CANCELLED'::character varying])::text[])))
);


ALTER TABLE public.event_sessions OWNER TO venueon;

--
-- Name: event_sessions_id_seq; Type: SEQUENCE; Schema: public; Owner: venueon
--

ALTER TABLE public.event_sessions ALTER COLUMN id ADD GENERATED BY DEFAULT AS IDENTITY (
    SEQUENCE NAME public.event_sessions_id_seq
    START WITH 1
    INCREMENT BY 1
    NO MINVALUE
    NO MAXVALUE
    CACHE 1
);


--
-- Name: events; Type: TABLE; Schema: public; Owner: venueon
--

CREATE TABLE public.events (
    id bigint NOT NULL,
    created_at timestamp(6) without time zone NOT NULL,
    description text,
    end_date timestamp(6) without time zone,
    has_session boolean,
    is_hidden boolean NOT NULL,
    is_online boolean,
    location character varying(255),
    max_attendees integer,
    price integer NOT NULL,
    purchase_type character varying(255),
    start_date timestamp(6) without time zone,
    status character varying(255) NOT NULL,
    thumbnail_url character varying(255),
    title character varying(255) NOT NULL,
    type character varying(255) NOT NULL,
    updated_at timestamp(6) without time zone,
    category_id bigint,
    creator_id bigint NOT NULL,
    CONSTRAINT events_purchase_type_check CHECK (((purchase_type)::text = ANY ((ARRAY['SINGLE'::character varying, 'MULTI'::character varying])::text[]))),
    CONSTRAINT events_status_check CHECK (((status)::text = ANY ((ARRAY['DRAFT'::character varying, 'PUBLISHED'::character varying, 'PREPARING'::character varying, 'ONGOING'::character varying, 'ENDED'::character varying, 'CANCELLED'::character varying])::text[]))),
    CONSTRAINT events_type_check CHECK (((type)::text = ANY ((ARRAY['SEMINAR'::character varying, 'CLASS'::character varying, 'MEETUP'::character varying, 'CONFERENCE'::character varying])::text[])))
);


ALTER TABLE public.events OWNER TO venueon;

--
-- Name: events_id_seq; Type: SEQUENCE; Schema: public; Owner: venueon
--

ALTER TABLE public.events ALTER COLUMN id ADD GENERATED BY DEFAULT AS IDENTITY (
    SEQUENCE NAME public.events_id_seq
    START WITH 1
    INCREMENT BY 1
    NO MINVALUE
    NO MAXVALUE
    CACHE 1
);


--
-- Name: flyway_schema_history; Type: TABLE; Schema: public; Owner: venueon
--

CREATE TABLE public.flyway_schema_history (
    installed_rank integer NOT NULL,
    version character varying(50),
    description character varying(200) NOT NULL,
    type character varying(20) NOT NULL,
    script character varying(1000) NOT NULL,
    checksum integer,
    installed_by character varying(100) NOT NULL,
    installed_on timestamp without time zone DEFAULT now() NOT NULL,
    execution_time integer NOT NULL,
    success boolean NOT NULL
);


ALTER TABLE public.flyway_schema_history OWNER TO venueon;

--
-- Name: host_profiles; Type: TABLE; Schema: public; Owner: venueon
--

CREATE TABLE public.host_profiles (
    id bigint NOT NULL,
    created_at timestamp(6) without time zone NOT NULL,
    manager_name character varying(255),
    org_description character varying(1000),
    org_name character varying(255) NOT NULL,
    org_number character varying(255) NOT NULL,
    updated_at timestamp(6) without time zone,
    user_id bigint NOT NULL
);


ALTER TABLE public.host_profiles OWNER TO venueon;

--
-- Name: host_profiles_id_seq; Type: SEQUENCE; Schema: public; Owner: venueon
--

ALTER TABLE public.host_profiles ALTER COLUMN id ADD GENERATED BY DEFAULT AS IDENTITY (
    SEQUENCE NAME public.host_profiles_id_seq
    START WITH 1
    INCREMENT BY 1
    NO MINVALUE
    NO MAXVALUE
    CACHE 1
);


--
-- Name: orders; Type: TABLE; Schema: public; Owner: venueon
--

CREATE TABLE public.orders (
    id bigint NOT NULL,
    amount integer NOT NULL,
    display_ordered_at timestamp(6) without time zone,
    ordered_at timestamp(6) without time zone NOT NULL,
    paid_at timestamp(6) without time zone,
    payment_method character varying(255),
    quantity integer NOT NULL,
    status character varying(255) NOT NULL,
    toss_order_id character varying(255),
    toss_payment_key character varying(255),
    event_id bigint NOT NULL,
    session_id bigint,
    user_id bigint NOT NULL,
    ticket_id bigint,
    CONSTRAINT orders_status_check CHECK (((status)::text = ANY ((ARRAY['PENDING'::character varying, 'PAID'::character varying, 'CANCELLED'::character varying, 'REFUNDED'::character varying, 'REGISTERED'::character varying, 'REFUND_REQUESTED'::character varying])::text[])))
);


ALTER TABLE public.orders OWNER TO venueon;

--
-- Name: orders_id_seq; Type: SEQUENCE; Schema: public; Owner: venueon
--

ALTER TABLE public.orders ALTER COLUMN id ADD GENERATED BY DEFAULT AS IDENTITY (
    SEQUENCE NAME public.orders_id_seq
    START WITH 1
    INCREMENT BY 1
    NO MINVALUE
    NO MAXVALUE
    CACHE 1
);


--
-- Name: post_bookmarks; Type: TABLE; Schema: public; Owner: venueon
--

CREATE TABLE public.post_bookmarks (
    id bigint NOT NULL,
    created_at timestamp(6) without time zone NOT NULL,
    post_id bigint NOT NULL,
    user_id bigint NOT NULL
);


ALTER TABLE public.post_bookmarks OWNER TO venueon;

--
-- Name: post_bookmarks_id_seq; Type: SEQUENCE; Schema: public; Owner: venueon
--

ALTER TABLE public.post_bookmarks ALTER COLUMN id ADD GENERATED BY DEFAULT AS IDENTITY (
    SEQUENCE NAME public.post_bookmarks_id_seq
    START WITH 1
    INCREMENT BY 1
    NO MINVALUE
    NO MAXVALUE
    CACHE 1
);


--
-- Name: post_likes; Type: TABLE; Schema: public; Owner: venueon
--

CREATE TABLE public.post_likes (
    id bigint NOT NULL,
    created_at timestamp(6) without time zone NOT NULL,
    post_id bigint NOT NULL,
    user_id bigint NOT NULL
);


ALTER TABLE public.post_likes OWNER TO venueon;

--
-- Name: post_likes_id_seq; Type: SEQUENCE; Schema: public; Owner: venueon
--

ALTER TABLE public.post_likes ALTER COLUMN id ADD GENERATED BY DEFAULT AS IDENTITY (
    SEQUENCE NAME public.post_likes_id_seq
    START WITH 1
    INCREMENT BY 1
    NO MINVALUE
    NO MAXVALUE
    CACHE 1
);


--
-- Name: posts; Type: TABLE; Schema: public; Owner: venueon
--

CREATE TABLE public.posts (
    id bigint NOT NULL,
    comment_count integer,
    content text NOT NULL,
    created_at timestamp(6) without time zone NOT NULL,
    is_hidden boolean NOT NULL,
    is_notice boolean NOT NULL,
    is_pinned boolean NOT NULL,
    like_count integer,
    title character varying(255) NOT NULL,
    type character varying(255) NOT NULL,
    updated_at timestamp(6) without time zone,
    view_count integer,
    author_id bigint NOT NULL,
    community_id bigint NOT NULL,
    CONSTRAINT posts_type_check CHECK (((type)::text = ANY ((ARRAY['GENERAL'::character varying, 'REVIEW'::character varying, 'QUESTION'::character varying, 'NOTICE'::character varying])::text[])))
);


ALTER TABLE public.posts OWNER TO venueon;

--
-- Name: posts_id_seq; Type: SEQUENCE; Schema: public; Owner: venueon
--

ALTER TABLE public.posts ALTER COLUMN id ADD GENERATED BY DEFAULT AS IDENTITY (
    SEQUENCE NAME public.posts_id_seq
    START WITH 1
    INCREMENT BY 1
    NO MINVALUE
    NO MAXVALUE
    CACHE 1
);


--
-- Name: refunds; Type: TABLE; Schema: public; Owner: venueon
--

CREATE TABLE public.refunds (
    id bigint NOT NULL,
    amount integer NOT NULL,
    processed_at timestamp(6) without time zone,
    reason character varying(255),
    requested_at timestamp(6) without time zone NOT NULL,
    status character varying(255) NOT NULL,
    order_id bigint NOT NULL,
    user_id bigint NOT NULL,
    CONSTRAINT refunds_status_check CHECK (((status)::text = ANY ((ARRAY['PENDING'::character varying, 'APPROVED'::character varying, 'REJECTED'::character varying])::text[])))
);


ALTER TABLE public.refunds OWNER TO venueon;

--
-- Name: refunds_id_seq; Type: SEQUENCE; Schema: public; Owner: venueon
--

ALTER TABLE public.refunds ALTER COLUMN id ADD GENERATED BY DEFAULT AS IDENTITY (
    SEQUENCE NAME public.refunds_id_seq
    START WITH 1
    INCREMENT BY 1
    NO MINVALUE
    NO MAXVALUE
    CACHE 1
);


--
-- Name: reports; Type: TABLE; Schema: public; Owner: venueon
--

CREATE TABLE public.reports (
    id bigint NOT NULL,
    admin_action character varying(255),
    created_at timestamp(6) without time zone NOT NULL,
    detail text,
    reason character varying(255) NOT NULL,
    resolved_at timestamp(6) without time zone,
    status character varying(255) NOT NULL,
    target_id bigint NOT NULL,
    target_type character varying(255) NOT NULL,
    reporter_id bigint NOT NULL,
    CONSTRAINT reports_admin_action_check CHECK (((admin_action)::text = ANY ((ARRAY['DELETE'::character varying, 'HIDE'::character varying, 'WARN'::character varying, 'DISMISS'::character varying])::text[]))),
    CONSTRAINT reports_status_check CHECK (((status)::text = ANY ((ARRAY['PENDING'::character varying, 'RESOLVED'::character varying, 'REJECTED'::character varying])::text[]))),
    CONSTRAINT reports_target_type_check CHECK (((target_type)::text = ANY ((ARRAY['EVENT'::character varying, 'POST'::character varying, 'COMMENT'::character varying, 'USER'::character varying])::text[])))
);


ALTER TABLE public.reports OWNER TO venueon;

--
-- Name: reports_id_seq; Type: SEQUENCE; Schema: public; Owner: venueon
--

ALTER TABLE public.reports ALTER COLUMN id ADD GENERATED BY DEFAULT AS IDENTITY (
    SEQUENCE NAME public.reports_id_seq
    START WITH 1
    INCREMENT BY 1
    NO MINVALUE
    NO MAXVALUE
    CACHE 1
);


--
-- Name: reviews; Type: TABLE; Schema: public; Owner: venueon
--

CREATE TABLE public.reviews (
    id bigint NOT NULL,
    content text,
    created_at timestamp(6) without time zone,
    event_id bigint,
    images character varying(255),
    rating integer NOT NULL,
    reviewer_id bigint
);


ALTER TABLE public.reviews OWNER TO venueon;

--
-- Name: reviews_id_seq; Type: SEQUENCE; Schema: public; Owner: venueon
--

ALTER TABLE public.reviews ALTER COLUMN id ADD GENERATED BY DEFAULT AS IDENTITY (
    SEQUENCE NAME public.reviews_id_seq
    START WITH 1
    INCREMENT BY 1
    NO MINVALUE
    NO MAXVALUE
    CACHE 1
);


--
-- Name: ticket_sessions; Type: TABLE; Schema: public; Owner: venueon
--

CREATE TABLE public.ticket_sessions (
    session_id bigint NOT NULL,
    ticket_id bigint NOT NULL
);


ALTER TABLE public.ticket_sessions OWNER TO venueon;

--
-- Name: tickets; Type: TABLE; Schema: public; Owner: venueon
--

CREATE TABLE public.tickets (
    id bigint NOT NULL,
    created_at timestamp(6) without time zone NOT NULL,
    description text,
    is_active boolean NOT NULL,
    is_all_sessions boolean NOT NULL,
    max_quantity integer,
    name character varying(100) NOT NULL,
    original_price integer NOT NULL,
    price integer NOT NULL,
    sales_end timestamp(6) without time zone,
    sales_start timestamp(6) without time zone,
    sold_count integer NOT NULL,
    sort_order integer NOT NULL,
    updated_at timestamp(6) without time zone,
    event_id bigint NOT NULL
);


ALTER TABLE public.tickets OWNER TO venueon;

--
-- Name: tickets_id_seq; Type: SEQUENCE; Schema: public; Owner: venueon
--

ALTER TABLE public.tickets ALTER COLUMN id ADD GENERATED BY DEFAULT AS IDENTITY (
    SEQUENCE NAME public.tickets_id_seq
    START WITH 1
    INCREMENT BY 1
    NO MINVALUE
    NO MAXVALUE
    CACHE 1
);


--
-- Name: user_categories; Type: TABLE; Schema: public; Owner: venueon
--

CREATE TABLE public.user_categories (
    user_id bigint NOT NULL,
    category_id bigint NOT NULL
);


ALTER TABLE public.user_categories OWNER TO venueon;

--
-- Name: users; Type: TABLE; Schema: public; Owner: venueon
--

CREATE TABLE public.users (
    id bigint NOT NULL,
    created_at timestamp(6) without time zone NOT NULL,
    email character varying(255) NOT NULL,
    is_active boolean NOT NULL,
    is_badge_visible boolean NOT NULL,
    nickname character varying(255) NOT NULL,
    password character varying(255) NOT NULL,
    phone character varying(255),
    profile_img character varying(255),
    provider character varying(255) NOT NULL,
    role character varying(255) NOT NULL,
    updated_at timestamp(6) without time zone,
    CONSTRAINT users_provider_check CHECK (((provider)::text = ANY ((ARRAY['LOCAL'::character varying, 'GOOGLE'::character varying])::text[]))),
    CONSTRAINT users_role_check CHECK (((role)::text = ANY ((ARRAY['ADMIN'::character varying, 'HOST'::character varying, 'USER'::character varying])::text[])))
);


ALTER TABLE public.users OWNER TO venueon;

--
-- Name: users_id_seq; Type: SEQUENCE; Schema: public; Owner: venueon
--

ALTER TABLE public.users ALTER COLUMN id ADD GENERATED BY DEFAULT AS IDENTITY (
    SEQUENCE NAME public.users_id_seq
    START WITH 1
    INCREMENT BY 1
    NO MINVALUE
    NO MAXVALUE
    CACHE 1
);


--
-- Name: wishlist; Type: TABLE; Schema: public; Owner: venueon
--

CREATE TABLE public.wishlist (
    id bigint NOT NULL,
    created_at timestamp(6) without time zone,
    event_id bigint NOT NULL,
    user_id bigint NOT NULL
);


ALTER TABLE public.wishlist OWNER TO venueon;

--
-- Name: wishlist_id_seq; Type: SEQUENCE; Schema: public; Owner: venueon
--

ALTER TABLE public.wishlist ALTER COLUMN id ADD GENERATED BY DEFAULT AS IDENTITY (
    SEQUENCE NAME public.wishlist_id_seq
    START WITH 1
    INCREMENT BY 1
    NO MINVALUE
    NO MAXVALUE
    CACHE 1
);


--
-- Data for Name: admin_requests; Type: TABLE DATA; Schema: public; Owner: venueon
--

COPY public.admin_requests (id, admin_comment, attachment_url, category, content, created_at, processed_at, processed_by, requester_id, status, title) FROM stdin;
\.


--
-- Data for Name: cart; Type: TABLE DATA; Schema: public; Owner: venueon
--

COPY public.cart (id, created_at, quantity, user_id, event_session_id) FROM stdin;
\.


--
-- Data for Name: categories; Type: TABLE DATA; Schema: public; Owner: venueon
--

COPY public.categories (id, description, name, sort_order) FROM stdin;
1	\N	테크/개발 교육	1
2	\N	디자인/크리에이티브	2
3	\N	창업/스타트업	3
4	\N	건강/웰니스	4
5	\N	문화/예술	5
6	\N	경영/비즈니스	6
7	\N	요리/F&B	7
8	\N	금융/투자	8
9	\N	미디어/콘텐츠	9
10	\N	과학/학술	10
\.


--
-- Data for Name: comment_likes; Type: TABLE DATA; Schema: public; Owner: venueon
--

COPY public.comment_likes (id, created_at, comment_id, user_id) FROM stdin;
1	2026-04-09 11:18:00.552491	2	1
2	2026-04-09 11:18:01.855707	1	1
3	2026-04-09 11:20:01.018761	4	1
4	2026-04-09 11:20:02.019251	5	1
5	2026-04-09 12:42:44.93631	13	1
6	2026-04-09 12:42:45.968641	14	1
7	2026-04-09 13:22:14.975275	16	1
8	2026-04-09 14:28:20.61656	17	1
\.


--
-- Data for Name: comments; Type: TABLE DATA; Schema: public; Owner: venueon
--

COPY public.comments (id, content, created_at, is_hidden, like_count, author_id, parent_id, post_id) FROM stdin;
2	setset	2026-04-09 11:17:30.879829	f	1	1	1	1
1	setset	2026-04-09 11:17:25.669507	f	1	1	\N	1
3	testet	2026-04-09 11:18:04.742571	f	0	1	2	1
4	estserwerw	2026-04-09 11:18:10.370891	f	1	1	1	1
5	sdfsdfsdfsdf	2026-04-09 11:19:51.679171	f	1	1	1	1
6	ㄴㅇㄹㄴㅇㄹㄴㅇㄹ	2026-04-09 11:35:52.969145	f	0	1	1	1
7	ㅈㄷㄹㅈㄷㄹ	2026-04-09 11:35:57.29167	f	0	1	1	1
8	ㄴㅇㄹㄴㅇㄹ	2026-04-09 11:36:09.706261	f	0	1	\N	1
9	ㄹㄷㅈㄹㅈㄷㄹ	2026-04-09 11:38:50.777205	f	0	1	\N	1
10	ㅈㄷㄹㅈㄷㄹㅈㄷㄹ	2026-04-09 11:38:53.861609	f	0	1	\N	1
11	ㄴㅇㄹㄴㅇㄹ	2026-04-09 11:39:08.526415	f	0	1	9	1
12	ㄴㄷㄹㄴㄷㄹㅈㄷㄹㅈ	2026-04-09 11:39:13.077924	f	0	1	9	1
13	sdfsdf	2026-04-09 12:42:39.5162	f	1	1	\N	2
14	sdfsdf	2026-04-09 12:42:43.496452	f	1	1	13	2
15	sdfsdf	2026-04-09 12:42:48.632015	f	0	1	13	2
18	ㄴㅇㄹㄴㅇㄹㄴㅇㄹ	2026-04-09 13:25:58.46725	f	0	1	\N	5
17	ㄴㅇㄹㄴㅇㄹㄴㅇㄹ	2026-04-09 13:22:17.767092	f	1	1	16	5
20	sdfsdfsdf	2026-04-09 14:31:58.334931	f	0	1	\N	5
21	sdfsdf	2026-04-09 14:32:02.737756	f	0	1	20	5
22	ㄴㅇㄹㄴㅇㄹ	2026-04-09 15:37:43.883625	f	0	1	\N	5
23	ㄴㅇㄹㄴㅇㄹㄴㅇㄹ	2026-04-09 15:37:48.259027	f	0	1	\N	5
24	ㄴㅇㄹㄴㅇㄹㄴㅇㄹ	2026-04-09 15:37:54.97483	f	0	1	\N	5
25	hellohellohellohellohellohellohellohellohellohellohellohello	2026-04-09 15:38:11.407857	f	0	1	\N	5
26	hellohellohello	2026-04-09 15:38:16.728443	f	0	1	\N	5
27	hellohellohello	2026-04-09 15:38:21.239525	f	0	1	\N	5
28	hello~~~	2026-04-09 15:39:17.551648	f	0	1	\N	5
32	ㄴㄷㄹㄴㄷㄹ	2026-04-09 15:54:47.125741	f	0	1	28	5
16	ㄴㅇㄹㄴㅇㄹㄴㅇㄹㄴㅇㄹㄴㅇㄹㄴㅇㄹㄴㄹㄴㄹ	2026-04-09 13:22:09.555657	f	1	1	\N	5
\.


--
-- Data for Name: communities; Type: TABLE DATA; Schema: public; Owner: venueon
--

COPY public.communities (id, created_at, description, is_public, member_count, name, thumbnail_url, creator_id, event_id) FROM stdin;
2	2026-04-09 13:17:10.394358	ㄷㄴㅅㄴㄷㅅ	t	0	ㅅㄷㄴㅅ	\N	1	\N
1	2026-04-09 11:17:18.061971	est	f	0	test	\N	1	\N
\.


--
-- Data for Name: community_members; Type: TABLE DATA; Schema: public; Owner: venueon
--

COPY public.community_members (id, joined_at, role, community_id, user_id) FROM stdin;
\.


--
-- Data for Name: event_sessions; Type: TABLE DATA; Schema: public; Owner: venueon
--

COPY public.event_sessions (id, created_at, current_attendees, description, end_time, is_default, is_online, location, max_attendees, online_link, price, region_sido, region_sigungu, sort_order, start_time, title, updated_at, event_id, address_detail, address_road, forced_recruitment_status, forced_session_status, is_recruitment_closed, recruit_end_date, recruit_start_date) FROM stdin;
1	2026-04-09 11:16:55.576567	0	현직 개발자와 함께하는 2일 집중 부트캠프. AI 모델 배포부터 클라우드 인프라 설계까지, 실무에서 바로 쓸 수 있는 기술을 배웁니다. AWS, GCP 환경에서 직접 실습하며 포트폴리오를 완성합니다.	2026-04-13 18:00:00	t	f	서울 강남구 테헤란로 123 넥스트코드 교육센터	40	\N	150000	\N	\N	0	2026-04-12 10:00:00	AI & Cloud Bootcamp	2026-04-09 11:16:55.576594	1	\N	\N	\N	\N	\N	\N	\N
2	2026-04-09 11:16:55.582664	0	사용자 리서치부터 프로토타이핑까지, UX 디자인의 전 과정을 실습합니다. Figma를 활용한 와이어프레임 제작과 사용성 테스트 방법을 현업 디자이너에게 직접 배울 수 있습니다.	2026-04-27 17:00:00	t	f	서울 성동구 성수이로 45 디자인브릿지 스튜디오	25	\N	80000	\N	\N	0	2026-04-26 10:00:00	UX Design Workshop	2026-04-09 11:16:55.582702	2	\N	\N	\N	\N	\N	\N	\N
3	2026-04-09 11:16:55.587053	0	스파크벤처스 5기 배치 스타트업 10팀의 데모데이. 투자자, 멘토, 예비 창업자가 한자리에 모여 혁신적인 비즈니스 모델을 발표하고 네트워킹합니다. 참관은 무료입니다.	2026-05-10 20:00:00	t	f	서울 영등포구 여의대로 108 파크원타워 컨벤션홀	200	\N	0	\N	\N	0	2026-05-10 14:00:00	Startup Demo Day	2026-04-09 11:16:55.58708	3	\N	\N	\N	\N	\N	\N	\N
4	2026-04-09 11:16:55.591411	0	바쁜 일상 속 나를 돌보는 시간. 호흡법과 명상을 결합한 빈야사 요가 클래스입니다. 초보자도 편하게 참여할 수 있으며, 요가 매트와 소도구는 현장에서 제공됩니다.	2026-05-17 11:30:00	t	f	서울 마포구 연남로 27 그린라이프 웰니스센터	20	\N	30000	\N	\N	0	2026-05-17 09:00:00	마음챙김 요가 클래스	2026-04-09 11:16:55.591658	4	\N	\N	\N	\N	\N	\N	\N
5	2026-04-09 11:16:55.596065	0	추상표현주의부터 미디어아트까지, 현대미술의 주요 흐름을 이해하고 직접 작품을 제작합니다. 전시 큐레이터와 작가가 함께 진행하며, 완성 작품은 갤러리에서 전시됩니다.	2026-05-25 17:00:00	t	f	서울 성동구 서울숲2길 17 아트스페이스 서울	15	\N	120000	\N	\N	0	2026-05-24 10:00:00	현대미술 워크숍	2026-04-09 11:16:55.596099	5	\N	\N	\N	\N	\N	\N	\N
6	2026-04-09 11:16:55.60119	0	기업 성장의 핵심 전략을 다루는 비즈니스 서밋. 데이터 기반 의사결정, 조직 확장, 해외 진출 등 실전 경험을 가진 CEO와 임원진의 강연과 패널 토론으로 구성됩니다.	2026-05-31 18:00:00	t	t	서울 중구 세종대로 110 프레스센터 국제회의장	150	\N	50000	\N	\N	0	2026-05-31 09:30:00	Business Growth Summit	2026-04-09 11:16:55.601235	6	\N	\N	\N	\N	\N	\N	\N
7	2026-04-09 11:16:55.605669	0	전통 한식의 맛과 멋을 배우는 쿠킹 클래스. 계절 식재료를 활용한 상차림을 셰프와 함께 만들고, 한식 플레이팅 기법까지 배웁니다. 만든 음식은 현장에서 시식합니다.	2026-06-07 15:00:00	t	f	서울 종로구 인사동길 38 푸드랩 서울 쿠킹스튜디오	12	\N	65000	\N	\N	0	2026-06-07 11:00:00	한식 마스터클래스	2026-04-09 11:16:55.605693	7	\N	\N	\N	\N	\N	\N	\N
8	2026-04-09 11:16:55.609836	0	개인 투자자를 위한 스마트 투자 전략 세미나. 글로벌 매크로 분석, ETF 포트폴리오 구성, AI 기반 퀀트 투자까지 최신 투자 트렌드를 금융 전문가가 직접 해설합니다.	2026-06-14 18:00:00	t	t	서울 영등포구 국제금융로 10 머니플로우 세미나홀	100	\N	40000	\N	\N	0	2026-06-14 13:00:00	Smart Investment Seminar 2026	2026-04-09 11:16:55.609883	8	\N	\N	\N	\N	\N	\N	\N
9	2026-04-09 11:16:55.61483	0	유튜브·숏폼 콘텐츠 제작을 위한 영상 편집 아카데미. Premiere Pro와 DaVinci Resolve를 활용한 컷 편집, 색보정, 자막 디자인을 실습합니다. 개인 노트북 지참 필수.	2026-06-22 17:00:00	t	f	서울 강남구 논현로 515 크리에이터즈 허브 미디어랩	30	\N	90000	\N	\N	0	2026-06-21 10:00:00	Creator Academy: Video Editing	2026-04-09 11:16:55.61485	9	\N	\N	\N	\N	\N	\N	\N
10	2026-04-09 11:16:55.618484	0	미래 과학 기술의 최신 연구 성과를 공유하는 학술 컨퍼런스. 생명공학, 양자컴퓨팅, 우주과학 등 분야별 세션으로 구성되며, 국내외 연구자 발표와 포스터 세션이 진행됩니다.	2026-06-29 18:00:00	t	t	서울 동대문구 회기로 85 서울과학기술대 국제회의실	300	\N	0	\N	\N	0	2026-06-28 09:00:00	Future Science Conference	2026-04-09 11:16:55.618501	10	\N	\N	\N	\N	\N	\N	\N
11	2026-04-09 11:16:55.622741	0	TensorFlow/PyTorch 모델을 AWS SageMaker에 배포하는 실습	2026-04-12 18:00:00	f	f	서울 강남구 테헤란로 123 넥스트코드 교육센터	40	\N	80000	\N	\N	1	2026-04-12 10:00:00	Day 1: AI 모델 배포	2026-04-09 11:16:55.622759	1	\N	\N	\N	\N	\N	\N	\N
12	2026-04-09 11:16:55.626128	0	AWS/GCP 기반 마이크로서비스 아키텍처 설계 및 배포 파이프라인 구축	2026-04-13 18:00:00	f	f	서울 강남구 테헤란로 123 넥스트코드 교육센터	40	\N	80000	\N	\N	2	2026-04-13 10:00:00	Day 2: 클라우드 인프라 설계	2026-04-09 11:16:55.626146	1	\N	\N	\N	\N	\N	\N	\N
13	2026-04-09 11:16:55.629957	0	유전자 편집 기술과 맞춤형 의료의 최신 연구 성과 발표	2026-06-28 12:00:00	f	f	서울 동대문구 회기로 85 국제회의실 A홀	100	\N	0	\N	\N	1	2026-06-28 10:00:00	세션 A: 생명공학의 미래	2026-04-09 11:16:55.629979	10	\N	\N	\N	\N	\N	\N	\N
14	2026-04-09 11:16:55.634493	0	양자 알고리즘과 오류 보정 기술의 최신 동향	2026-06-28 16:00:00	f	t	\N	200	https://zoom.us/j/1234567890	0	\N	\N	2	2026-06-28 14:00:00	세션 B: 양자컴퓨팅	2026-04-09 11:16:55.634523	10	\N	\N	\N	\N	\N	\N	\N
15	2026-04-09 11:16:55.639849	0	차세대 우주탐사 기술과 민간 우주산업의 전망	2026-06-29 12:00:00	f	f	서울 동대문구 회기로 85 국제회의실 B홀	100	\N	0	\N	\N	3	2026-06-29 10:00:00	세션 C: 우주과학	2026-04-09 11:16:55.640146	10	\N	\N	\N	\N	\N	\N	\N
\.


--
-- Data for Name: events; Type: TABLE DATA; Schema: public; Owner: venueon
--

COPY public.events (id, created_at, description, end_date, has_session, is_hidden, is_online, location, max_attendees, price, purchase_type, start_date, status, thumbnail_url, title, type, updated_at, category_id, creator_id) FROM stdin;
1	2026-04-09 11:16:55.521336	현직 개발자와 함께하는 2일 집중 부트캠프. AI 모델 배포부터 클라우드 인프라 설계까지, 실무에서 바로 쓸 수 있는 기술을 배웁니다. AWS, GCP 환경에서 직접 실습하며 포트폴리오를 완성합니다.	2026-04-13 18:00:00	f	f	f	서울 강남구 테헤란로 123 넥스트코드 교육센터	40	150000	SINGLE	2026-04-12 10:00:00	PUBLISHED	lecture-thumbnail/NC_thumbnail.jpg	AI & Cloud Bootcamp	SEMINAR	2026-04-09 11:16:55.52137	1	5
2	2026-04-09 11:16:55.527032	사용자 리서치부터 프로토타이핑까지, UX 디자인의 전 과정을 실습합니다. Figma를 활용한 와이어프레임 제작과 사용성 테스트 방법을 현업 디자이너에게 직접 배울 수 있습니다.	2026-04-27 17:00:00	f	f	f	서울 성동구 성수이로 45 디자인브릿지 스튜디오	25	80000	SINGLE	2026-04-26 10:00:00	PUBLISHED	lecture-thumbnail/DB_thumbnail.jpg	UX Design Workshop	CLASS	2026-04-09 11:16:55.527055	2	6
3	2026-04-09 11:16:55.532295	스파크벤처스 5기 배치 스타트업 10팀의 데모데이. 투자자, 멘토, 예비 창업자가 한자리에 모여 혁신적인 비즈니스 모델을 발표하고 네트워킹합니다. 참관은 무료입니다.	2026-05-10 20:00:00	f	f	f	서울 영등포구 여의대로 108 파크원타워 컨벤션홀	200	0	SINGLE	2026-05-10 14:00:00	PUBLISHED	lecture-thumbnail/SV_thumbnail.jpg	Startup Demo Day	CONFERENCE	2026-04-09 11:16:55.532342	3	7
4	2026-04-09 11:16:55.537354	바쁜 일상 속 나를 돌보는 시간. 호흡법과 명상을 결합한 빈야사 요가 클래스입니다. 초보자도 편하게 참여할 수 있으며, 요가 매트와 소도구는 현장에서 제공됩니다.	2026-05-17 11:30:00	f	f	f	서울 마포구 연남로 27 그린라이프 웰니스센터	20	30000	SINGLE	2026-05-17 09:00:00	PUBLISHED	lecture-thumbnail/GLA_thumbnail.jpg	마음챙김 요가 클래스	CLASS	2026-04-09 11:16:55.537387	4	8
5	2026-04-09 11:16:55.542076	추상표현주의부터 미디어아트까지, 현대미술의 주요 흐름을 이해하고 직접 작품을 제작합니다. 전시 큐레이터와 작가가 함께 진행하며, 완성 작품은 갤러리에서 전시됩니다.	2026-05-25 17:00:00	f	f	f	서울 성동구 서울숲2길 17 아트스페이스 서울	15	120000	SINGLE	2026-05-24 10:00:00	PUBLISHED	lecture-thumbnail/AS_thumbnail.jpg	현대미술 워크숍	CLASS	2026-04-09 11:16:55.542109	5	9
6	2026-04-09 11:16:55.548953	기업 성장의 핵심 전략을 다루는 비즈니스 서밋. 데이터 기반 의사결정, 조직 확장, 해외 진출 등 실전 경험을 가진 CEO와 임원진의 강연과 패널 토론으로 구성됩니다.	2026-05-31 18:00:00	f	f	t	서울 중구 세종대로 110 프레스센터 국제회의장	150	50000	SINGLE	2026-05-31 09:30:00	PUBLISHED	lecture-thumbnail/BOC_thumbnail.jpg	Business Growth Summit	CONFERENCE	2026-04-09 11:16:55.549011	6	10
7	2026-04-09 11:16:55.555206	전통 한식의 맛과 멋을 배우는 쿠킹 클래스. 계절 식재료를 활용한 상차림을 셰프와 함께 만들고, 한식 플레이팅 기법까지 배웁니다. 만든 음식은 현장에서 시식합니다.	2026-06-07 15:00:00	f	f	f	서울 종로구 인사동길 38 푸드랩 서울 쿠킹스튜디오	12	65000	SINGLE	2026-06-07 11:00:00	PUBLISHED	lecture-thumbnail/FLS_thumbnail.jpg	한식 마스터클래스	CLASS	2026-04-09 11:16:55.555254	7	11
8	2026-04-09 11:16:55.560168	개인 투자자를 위한 스마트 투자 전략 세미나. 글로벌 매크로 분석, ETF 포트폴리오 구성, AI 기반 퀀트 투자까지 최신 투자 트렌드를 금융 전문가가 직접 해설합니다.	2026-06-14 18:00:00	f	f	t	서울 영등포구 국제금융로 10 머니플로우 세미나홀	100	40000	SINGLE	2026-06-14 13:00:00	PUBLISHED	lecture-thumbnail/MF_thumbnail.jpg	Smart Investment Seminar 2026	SEMINAR	2026-04-09 11:16:55.560224	8	12
9	2026-04-09 11:16:55.56619	유튜브·숏폼 콘텐츠 제작을 위한 영상 편집 아카데미. Premiere Pro와 DaVinci Resolve를 활용한 컷 편집, 색보정, 자막 디자인을 실습합니다. 개인 노트북 지참 필수.	2026-06-22 17:00:00	f	f	f	서울 강남구 논현로 515 크리에이터즈 허브 미디어랩	30	90000	SINGLE	2026-06-21 10:00:00	PUBLISHED	lecture-thumbnail/CH_thumbnail.jpg	Creator Academy: Video Editing	CLASS	2026-04-09 11:16:55.566233	9	13
10	2026-04-09 11:16:55.571001	미래 과학 기술의 최신 연구 성과를 공유하는 학술 컨퍼런스. 생명공학, 양자컴퓨팅, 우주과학 등 분야별 세션으로 구성되며, 국내외 연구자 발표와 포스터 세션이 진행됩니다.	2026-06-29 18:00:00	f	f	t	서울 동대문구 회기로 85 서울과학기술대 국제회의실	300	0	SINGLE	2026-06-28 09:00:00	PUBLISHED	lecture-thumbnail/SSF_thumbnail.jpg	Future Science Conference	CONFERENCE	2026-04-09 11:16:55.571048	10	14
\.


--
-- Data for Name: flyway_schema_history; Type: TABLE DATA; Schema: public; Owner: venueon
--

COPY public.flyway_schema_history (installed_rank, version, description, type, script, checksum, installed_by, installed_on, execution_time, success) FROM stdin;
1	1	<< Flyway Baseline >>	BASELINE	<< Flyway Baseline >>	\N	venueon	2026-04-10 12:54:54.386905	0	t
\.


--
-- Data for Name: host_profiles; Type: TABLE DATA; Schema: public; Owner: venueon
--

COPY public.host_profiles (id, created_at, manager_name, org_description, org_name, org_number, updated_at, user_id) FROM stdin;
1	2026-04-09 11:16:55.426954	김개발	AI와 클라우드 기술 전문 교육 기업. 현직 개발자가 이끄는 실무 중심 코딩 부트캠프와 기술 세미나를 운영합니다.	넥스트코드	123-45-67890	2026-04-09 11:16:55.426992	5
2	2026-04-09 11:16:55.43409	이디자인	UX/UI 디자인 전문 에이전시. 실무 프로젝트 기반의 디자인 워크숍과 포트폴리오 클래스를 제공합니다.	디자인브릿지	234-56-78901	2026-04-09 11:16:55.434186	6
3	2026-04-09 11:16:55.440782	박벤처	초기 스타트업을 위한 액셀러레이터. 투자 유치 전략, 비즈니스 모델 설계, 네트워킹 이벤트를 정기적으로 개최합니다.	스파크벤처스	345-67-89012	2026-04-09 11:16:55.44083	7
4	2026-04-09 11:16:55.446512	최건강	건강한 라이프스타일을 위한 웰니스 교육 플랫폼. 요가, 명상, 영양학 클래스와 건강 세미나를 운영합니다.	그린라이프 아카데미	456-78-90123	2026-04-09 11:16:55.446571	8
5	2026-04-09 11:16:55.452563	정예술	서울 성수동 소재 복합 문화 공간. 전시, 공연, 아트 워크숍 등 다양한 문화 이벤트를 기획하고 운영합니다.	아트스페이스 서울	567-89-01234	2026-04-09 11:16:55.452622	9
6	2026-04-09 11:16:55.457911	강전략	기업 성장 전략 전문 컨설팅 펌. 리더십, 마케팅, 데이터 기반 의사결정 등 비즈니스 컨퍼런스와 세미나를 개최합니다.	비즈온 컨설팅	678-90-12345	2026-04-09 11:16:55.457964	10
7	2026-04-09 11:16:55.463187	한요리	셰프와 미식가를 위한 쿠킹 스튜디오. 한식, 양식, 베이킹 클래스와 푸드 네트워킹 밋업을 정기적으로 운영합니다.	푸드랩 서울	789-01-23456	2026-04-09 11:16:55.463221	11
8	2026-04-09 11:16:55.469134	윤재테크	개인 투자자와 금융 전문가를 연결하는 핀테크 교육 플랫폼. 주식, 부동산, 가상자산 세미나와 재테크 컨퍼런스를 개최합니다.	머니플로우	890-12-34567	2026-04-09 11:16:55.469179	12
9	2026-04-09 11:16:55.474234	신미디어	유튜버, 인플루언서, 콘텐츠 크리에이터를 위한 미디어 교육 기관. 영상 편집, SNS 마케팅, 브랜딩 클래스를 운영합니다.	크리에이터즈 허브	901-23-45678	2026-04-09 11:16:55.474283	13
10	2026-04-09 11:16:55.478547	조과학	과학 기술 대중화를 위한 비영리 학술 단체. 최신 연구 동향 발표, 과학 강연, 학술 컨퍼런스를 주최합니다.	서울사이언스포럼	012-34-56789	2026-04-09 11:16:55.478576	14
\.


--
-- Data for Name: orders; Type: TABLE DATA; Schema: public; Owner: venueon
--

COPY public.orders (id, amount, display_ordered_at, ordered_at, paid_at, payment_method, quantity, status, toss_order_id, toss_payment_key, event_id, session_id, user_id, ticket_id) FROM stdin;
1	150000	2026-03-25 10:00:00	2026-04-09 11:16:55.6457	\N	CARD	1	PAID	\N	\N	1	\N	2	\N
2	80000	2026-03-24 10:00:00	2026-04-09 11:16:55.651004	\N	KAKAO_PAY	1	PAID	\N	\N	2	\N	3	\N
3	0	2026-03-23 10:00:00	2026-04-09 11:16:55.656549	\N	\N	1	REGISTERED	\N	\N	3	\N	4	\N
4	30000	2026-03-22 10:00:00	2026-04-09 11:16:55.659903	\N	BANK_TRANSFER	1	PAID	\N	\N	4	\N	2	\N
5	120000	2026-03-21 10:00:00	2026-04-09 11:16:55.663939	\N	CARD	1	PAID	\N	\N	5	\N	3	\N
6	50000	2026-03-20 10:00:00	2026-04-09 11:16:55.669055	\N	KAKAO_PAY	1	CANCELLED	\N	\N	6	\N	4	\N
7	65000	2026-03-19 10:00:00	2026-04-09 11:16:55.673066	\N	NAVER_PAY	1	PAID	\N	\N	7	\N	2	\N
8	40000	2026-03-18 10:00:00	2026-04-09 11:16:55.676943	\N	BANK_TRANSFER	1	PAID	\N	\N	8	\N	3	\N
9	90000	2026-03-17 10:00:00	2026-04-09 11:16:55.680432	\N	CARD	1	PAID	\N	\N	9	\N	4	\N
10	0	2026-03-16 10:00:00	2026-04-09 11:16:55.684407	\N	\N	1	REGISTERED	\N	\N	10	\N	2	\N
\.


--
-- Data for Name: post_bookmarks; Type: TABLE DATA; Schema: public; Owner: venueon
--

COPY public.post_bookmarks (id, created_at, post_id, user_id) FROM stdin;
3	2026-04-09 12:30:50.922651	1	1
4	2026-04-09 12:39:56.691656	2	1
8	2026-04-09 15:39:37.034808	5	1
\.


--
-- Data for Name: post_likes; Type: TABLE DATA; Schema: public; Owner: venueon
--

COPY public.post_likes (id, created_at, post_id, user_id) FROM stdin;
3	2026-04-09 12:30:50.383054	1	1
4	2026-04-09 12:39:57.628235	2	1
6	2026-04-09 14:28:24.558639	5	1
\.


--
-- Data for Name: posts; Type: TABLE DATA; Schema: public; Owner: venueon
--

COPY public.posts (id, comment_count, content, created_at, is_hidden, is_notice, is_pinned, like_count, title, type, updated_at, view_count, author_id, community_id) FROM stdin;
5	0	ㄷㄷㄷㄷㄷㄷㄷㄷㄷㄷㄷ333	2026-04-09 13:17:45.186473	f	f	f	1	ㄷㄷㄷㄷㄷㄷㄷㄷ333	GENERAL	2026-04-13 15:07:11.932047	0	1	2
1	0	setset	2026-04-09 11:17:23.047667	f	t	t	1	test	GENERAL	2026-04-09 13:15:27.149467	0	1	1
2	0	tsetset	2026-04-09 12:31:05.102737	f	f	t	1	etsetse	GENERAL	2026-04-09 13:15:31.171906	0	1	1
\.


--
-- Data for Name: refunds; Type: TABLE DATA; Schema: public; Owner: venueon
--

COPY public.refunds (id, amount, processed_at, reason, requested_at, status, order_id, user_id) FROM stdin;
1	50000	\N	일정이 변경되어 참석이 어렵습니다.	2026-04-09 11:16:55.702553	PENDING	6	4
2	30000	2026-04-06 11:16:55.701251	개인 사정으로 참석이 어렵습니다.	2026-04-09 11:16:55.706195	APPROVED	4	2
\.


--
-- Data for Name: reports; Type: TABLE DATA; Schema: public; Owner: venueon
--

COPY public.reports (id, admin_action, created_at, detail, reason, resolved_at, status, target_id, target_type, reporter_id) FROM stdin;
1	\N	2026-04-09 11:16:55.688824	강의 내용과 실제 진행 내용이 전혀 다릅니다. 설명에는 AWS, GCP 실습이라고 되어 있지만 실제로는 이론 수업만 진행됩니다.	허위 정보	\N	PENDING	1	EVENT	2
2	\N	2026-04-09 11:16:55.692107	커뮤니티에서 반복적으로 외부 사이트 링크를 게시하고 있습니다. 광고성 글을 지속적으로 작성합니다.	스팸/광고	\N	PENDING	4	USER	3
3	WARN	2026-04-09 11:16:55.694649	이벤트 설명에 부적절한 이미지가 포함되어 있습니다.	부적절한 콘텐츠	2026-04-07 11:16:55.687861	RESOLVED	5	EVENT	4
4	DISMISS	2026-04-09 11:16:55.697791	이벤트 썸네일 이미지가 타사의 저작물을 무단으로 사용한 것 같습니다.	저작권 침해	2026-04-08 11:16:55.687879	REJECTED	6	EVENT	2
5	\N	2026-04-13 12:18:05.560029	ㄴㅇㄹㄴㅇㄹ	도배	\N	PENDING	3	POST	1
6	\N	2026-04-13 12:19:10.610186	gh	도배	\N	PENDING	29	COMMENT	1
7	\N	2026-04-13 12:28:04.126668	너무 못생겼어요	영리목적/홍보성	\N	PENDING	3	POST	1
8	\N	2026-04-13 13:19:38.759524	못생겼어요	ABUSE	\N	PENDING	3	POST	1
9	\N	2026-04-13 14:45:37.298394	안녕하세요안녕하세요안녕하세요안녕하세요안녕하세요	ABUSE	\N	PENDING	29	COMMENT	1
10	\N	2026-04-13 15:54:30.054267	못생겼어요못생겼어요못생겼어요못생겼어요못생겼어요못생겼어요못생겼어요못생겼어요못생겼어요못생겼어요못생겼어요못생겼어요못생겼어요	ABUSE	\N	PENDING	5	POST	1
\.


--
-- Data for Name: reviews; Type: TABLE DATA; Schema: public; Owner: venueon
--

COPY public.reviews (id, content, created_at, event_id, images, rating, reviewer_id) FROM stdin;
\.


--
-- Data for Name: ticket_sessions; Type: TABLE DATA; Schema: public; Owner: venueon
--

COPY public.ticket_sessions (session_id, ticket_id) FROM stdin;
\.


--
-- Data for Name: tickets; Type: TABLE DATA; Schema: public; Owner: venueon
--

COPY public.tickets (id, created_at, description, is_active, is_all_sessions, max_quantity, name, original_price, price, sales_end, sales_start, sold_count, sort_order, updated_at, event_id) FROM stdin;
\.


--
-- Data for Name: user_categories; Type: TABLE DATA; Schema: public; Owner: venueon
--

COPY public.user_categories (user_id, category_id) FROM stdin;
\.


--
-- Data for Name: users; Type: TABLE DATA; Schema: public; Owner: venueon
--

COPY public.users (id, created_at, email, is_active, is_badge_visible, nickname, password, phone, profile_img, provider, role, updated_at) FROM stdin;
1	2026-04-09 11:16:54.892718	admin@venueon.com	t	t	VenueOn관리자	$2a$10$.TXmAU.xK23TBgxmeOwzquWLDcmtjr.gAxAs69ZkyX.AQi1eu/22C	\N	\N	LOCAL	ADMIN	2026-04-09 11:16:54.892783
2	2026-04-09 11:16:55.255173	user1@example.com	t	t	김참여	$2a$10$cuD/LNe5iyWW5A/.ja6/SelCOo68Tw2c/9H/edVkDvVun5oBFuZg6	\N	\N	LOCAL	USER	2026-04-09 11:16:55.255199
3	2026-04-09 11:16:55.259277	user2@example.com	t	t	이탐색	$2a$10$tXF3GEfx.rx81IDUcqb3Bu51ZR6qoblShVupGRGchhs6eBfYJjb7q	\N	\N	LOCAL	USER	2026-04-09 11:16:55.259314
4	2026-04-09 11:16:55.263652	user3@example.com	t	t	박이벤트	$2a$10$UKogLjOElsS/CU49911WRu/Tk/1ybUOli8O6ywhFFjUhxZ43scuLe	\N	\N	LOCAL	USER	2026-04-09 11:16:55.26369
5	2026-04-09 11:16:55.38122	contact@nextcode.kr	t	t	NextCode	$2a$10$xMdmG62vruwDYdxLyCcNy.ANTLA5AK33yd8TAGl/NhRiDw9DKeStC	02-1234-5678	nextcode.png	LOCAL	HOST	2026-04-09 11:16:55.381245
6	2026-04-09 11:16:55.386303	hello@designbridge.co.kr	t	t	DesignBridge	$2a$10$xMdmG62vruwDYdxLyCcNy.ANTLA5AK33yd8TAGl/NhRiDw9DKeStC	02-2345-6789	designbridge.png	LOCAL	HOST	2026-04-09 11:16:55.386336
7	2026-04-09 11:16:55.39045	info@sparkventures.io	t	t	SparkVentures	$2a$10$xMdmG62vruwDYdxLyCcNy.ANTLA5AK33yd8TAGl/NhRiDw9DKeStC	02-3456-7890	sparkventures.png	LOCAL	HOST	2026-04-09 11:16:55.390474
8	2026-04-09 11:16:55.394596	wellness@greenlife.kr	t	t	GreenLifeAcademy	$2a$10$xMdmG62vruwDYdxLyCcNy.ANTLA5AK33yd8TAGl/NhRiDw9DKeStC	02-4567-8901	greenlife-academy.png	LOCAL	HOST	2026-04-09 11:16:55.394622
9	2026-04-09 11:16:55.398826	art@artspaceseoul.com	t	t	ArtSpaceSeoul	$2a$10$xMdmG62vruwDYdxLyCcNy.ANTLA5AK33yd8TAGl/NhRiDw9DKeStC	02-5678-9012	artspace-seoul.png	LOCAL	HOST	2026-04-09 11:16:55.398851
10	2026-04-09 11:16:55.403063	consulting@bizon.co.kr	t	t	BizOnConsulting	$2a$10$xMdmG62vruwDYdxLyCcNy.ANTLA5AK33yd8TAGl/NhRiDw9DKeStC	02-6789-0123	bizon-consulting.png	LOCAL	HOST	2026-04-09 11:16:55.403157
11	2026-04-09 11:16:55.407827	chef@foodlabseoul.kr	t	t	FoodLabSeoul	$2a$10$xMdmG62vruwDYdxLyCcNy.ANTLA5AK33yd8TAGl/NhRiDw9DKeStC	02-7890-1234	foodlab-seoul.png	LOCAL	HOST	2026-04-09 11:16:55.407851
12	2026-04-09 11:16:55.412125	invest@moneyflow.co.kr	t	t	MoneyFlow	$2a$10$xMdmG62vruwDYdxLyCcNy.ANTLA5AK33yd8TAGl/NhRiDw9DKeStC	02-8901-2345	moneyflow.png	LOCAL	HOST	2026-04-09 11:16:55.412152
13	2026-04-09 11:16:55.416813	hello@creatorshub.kr	t	t	CreatorsHub	$2a$10$xMdmG62vruwDYdxLyCcNy.ANTLA5AK33yd8TAGl/NhRiDw9DKeStC	02-9012-3456	creators-hub.png	LOCAL	HOST	2026-04-09 11:16:55.416862
14	2026-04-09 11:16:55.421189	forum@seoulscience.org	t	t	SeoulScienceForum	$2a$10$xMdmG62vruwDYdxLyCcNy.ANTLA5AK33yd8TAGl/NhRiDw9DKeStC	02-0123-4567	seoul-science-forum.png	LOCAL	HOST	2026-04-09 11:16:55.421231
\.


--
-- Data for Name: wishlist; Type: TABLE DATA; Schema: public; Owner: venueon
--

COPY public.wishlist (id, created_at, event_id, user_id) FROM stdin;
\.


--
-- Name: admin_requests_id_seq; Type: SEQUENCE SET; Schema: public; Owner: venueon
--

SELECT pg_catalog.setval('public.admin_requests_id_seq', 1, false);


--
-- Name: cart_id_seq; Type: SEQUENCE SET; Schema: public; Owner: venueon
--

SELECT pg_catalog.setval('public.cart_id_seq', 280, true);


--
-- Name: categories_id_seq; Type: SEQUENCE SET; Schema: public; Owner: venueon
--

SELECT pg_catalog.setval('public.categories_id_seq', 10, true);


--
-- Name: comment_likes_id_seq; Type: SEQUENCE SET; Schema: public; Owner: venueon
--

SELECT pg_catalog.setval('public.comment_likes_id_seq', 12, true);


--
-- Name: comments_id_seq; Type: SEQUENCE SET; Schema: public; Owner: venueon
--

SELECT pg_catalog.setval('public.comments_id_seq', 34, true);


--
-- Name: communities_id_seq; Type: SEQUENCE SET; Schema: public; Owner: venueon
--

SELECT pg_catalog.setval('public.communities_id_seq', 2, true);


--
-- Name: community_members_id_seq; Type: SEQUENCE SET; Schema: public; Owner: venueon
--

SELECT pg_catalog.setval('public.community_members_id_seq', 1, false);


--
-- Name: event_sessions_id_seq; Type: SEQUENCE SET; Schema: public; Owner: venueon
--

SELECT pg_catalog.setval('public.event_sessions_id_seq', 15, true);


--
-- Name: events_id_seq; Type: SEQUENCE SET; Schema: public; Owner: venueon
--

SELECT pg_catalog.setval('public.events_id_seq', 10, true);


--
-- Name: host_profiles_id_seq; Type: SEQUENCE SET; Schema: public; Owner: venueon
--

SELECT pg_catalog.setval('public.host_profiles_id_seq', 10, true);


--
-- Name: orders_id_seq; Type: SEQUENCE SET; Schema: public; Owner: venueon
--

SELECT pg_catalog.setval('public.orders_id_seq', 10, true);


--
-- Name: post_bookmarks_id_seq; Type: SEQUENCE SET; Schema: public; Owner: venueon
--

SELECT pg_catalog.setval('public.post_bookmarks_id_seq', 10, true);


--
-- Name: post_likes_id_seq; Type: SEQUENCE SET; Schema: public; Owner: venueon
--

SELECT pg_catalog.setval('public.post_likes_id_seq', 7, true);


--
-- Name: posts_id_seq; Type: SEQUENCE SET; Schema: public; Owner: venueon
--

SELECT pg_catalog.setval('public.posts_id_seq', 8, true);


--
-- Name: refunds_id_seq; Type: SEQUENCE SET; Schema: public; Owner: venueon
--

SELECT pg_catalog.setval('public.refunds_id_seq', 2, true);


--
-- Name: reports_id_seq; Type: SEQUENCE SET; Schema: public; Owner: venueon
--

SELECT pg_catalog.setval('public.reports_id_seq', 10, true);


--
-- Name: reviews_id_seq; Type: SEQUENCE SET; Schema: public; Owner: venueon
--

SELECT pg_catalog.setval('public.reviews_id_seq', 1, false);


--
-- Name: tickets_id_seq; Type: SEQUENCE SET; Schema: public; Owner: venueon
--

SELECT pg_catalog.setval('public.tickets_id_seq', 1, false);


--
-- Name: users_id_seq; Type: SEQUENCE SET; Schema: public; Owner: venueon
--

SELECT pg_catalog.setval('public.users_id_seq', 14, true);


--
-- Name: wishlist_id_seq; Type: SEQUENCE SET; Schema: public; Owner: venueon
--

SELECT pg_catalog.setval('public.wishlist_id_seq', 1, false);


--
-- Name: admin_requests admin_requests_pkey; Type: CONSTRAINT; Schema: public; Owner: venueon
--

ALTER TABLE ONLY public.admin_requests
    ADD CONSTRAINT admin_requests_pkey PRIMARY KEY (id);


--
-- Name: cart cart_pkey; Type: CONSTRAINT; Schema: public; Owner: venueon
--

ALTER TABLE ONLY public.cart
    ADD CONSTRAINT cart_pkey PRIMARY KEY (id);


--
-- Name: categories categories_pkey; Type: CONSTRAINT; Schema: public; Owner: venueon
--

ALTER TABLE ONLY public.categories
    ADD CONSTRAINT categories_pkey PRIMARY KEY (id);


--
-- Name: comment_likes comment_likes_pkey; Type: CONSTRAINT; Schema: public; Owner: venueon
--

ALTER TABLE ONLY public.comment_likes
    ADD CONSTRAINT comment_likes_pkey PRIMARY KEY (id);


--
-- Name: comments comments_pkey; Type: CONSTRAINT; Schema: public; Owner: venueon
--

ALTER TABLE ONLY public.comments
    ADD CONSTRAINT comments_pkey PRIMARY KEY (id);


--
-- Name: communities communities_pkey; Type: CONSTRAINT; Schema: public; Owner: venueon
--

ALTER TABLE ONLY public.communities
    ADD CONSTRAINT communities_pkey PRIMARY KEY (id);


--
-- Name: community_members community_members_pkey; Type: CONSTRAINT; Schema: public; Owner: venueon
--

ALTER TABLE ONLY public.community_members
    ADD CONSTRAINT community_members_pkey PRIMARY KEY (id);


--
-- Name: event_sessions event_sessions_pkey; Type: CONSTRAINT; Schema: public; Owner: venueon
--

ALTER TABLE ONLY public.event_sessions
    ADD CONSTRAINT event_sessions_pkey PRIMARY KEY (id);


--
-- Name: events events_pkey; Type: CONSTRAINT; Schema: public; Owner: venueon
--

ALTER TABLE ONLY public.events
    ADD CONSTRAINT events_pkey PRIMARY KEY (id);


--
-- Name: flyway_schema_history flyway_schema_history_pk; Type: CONSTRAINT; Schema: public; Owner: venueon
--

ALTER TABLE ONLY public.flyway_schema_history
    ADD CONSTRAINT flyway_schema_history_pk PRIMARY KEY (installed_rank);


--
-- Name: host_profiles host_profiles_pkey; Type: CONSTRAINT; Schema: public; Owner: venueon
--

ALTER TABLE ONLY public.host_profiles
    ADD CONSTRAINT host_profiles_pkey PRIMARY KEY (id);


--
-- Name: orders orders_pkey; Type: CONSTRAINT; Schema: public; Owner: venueon
--

ALTER TABLE ONLY public.orders
    ADD CONSTRAINT orders_pkey PRIMARY KEY (id);


--
-- Name: post_bookmarks post_bookmarks_pkey; Type: CONSTRAINT; Schema: public; Owner: venueon
--

ALTER TABLE ONLY public.post_bookmarks
    ADD CONSTRAINT post_bookmarks_pkey PRIMARY KEY (id);


--
-- Name: post_likes post_likes_pkey; Type: CONSTRAINT; Schema: public; Owner: venueon
--

ALTER TABLE ONLY public.post_likes
    ADD CONSTRAINT post_likes_pkey PRIMARY KEY (id);


--
-- Name: posts posts_pkey; Type: CONSTRAINT; Schema: public; Owner: venueon
--

ALTER TABLE ONLY public.posts
    ADD CONSTRAINT posts_pkey PRIMARY KEY (id);


--
-- Name: refunds refunds_pkey; Type: CONSTRAINT; Schema: public; Owner: venueon
--

ALTER TABLE ONLY public.refunds
    ADD CONSTRAINT refunds_pkey PRIMARY KEY (id);


--
-- Name: reports reports_pkey; Type: CONSTRAINT; Schema: public; Owner: venueon
--

ALTER TABLE ONLY public.reports
    ADD CONSTRAINT reports_pkey PRIMARY KEY (id);


--
-- Name: reviews reviews_pkey; Type: CONSTRAINT; Schema: public; Owner: venueon
--

ALTER TABLE ONLY public.reviews
    ADD CONSTRAINT reviews_pkey PRIMARY KEY (id);


--
-- Name: ticket_sessions ticket_sessions_pkey; Type: CONSTRAINT; Schema: public; Owner: venueon
--

ALTER TABLE ONLY public.ticket_sessions
    ADD CONSTRAINT ticket_sessions_pkey PRIMARY KEY (session_id, ticket_id);


--
-- Name: tickets tickets_pkey; Type: CONSTRAINT; Schema: public; Owner: venueon
--

ALTER TABLE ONLY public.tickets
    ADD CONSTRAINT tickets_pkey PRIMARY KEY (id);


--
-- Name: post_bookmarks uk3hralg8r0y2lc96pbp3km8mrj; Type: CONSTRAINT; Schema: public; Owner: venueon
--

ALTER TABLE ONLY public.post_bookmarks
    ADD CONSTRAINT uk3hralg8r0y2lc96pbp3km8mrj UNIQUE (post_id, user_id);


--
-- Name: host_profiles uk3r0wuhflvro1bablqccnr8hhk; Type: CONSTRAINT; Schema: public; Owner: venueon
--

ALTER TABLE ONLY public.host_profiles
    ADD CONSTRAINT uk3r0wuhflvro1bablqccnr8hhk UNIQUE (user_id);


--
-- Name: post_likes uk5l2rj28vw5oj6f7ox746grokg; Type: CONSTRAINT; Schema: public; Owner: venueon
--

ALTER TABLE ONLY public.post_likes
    ADD CONSTRAINT uk5l2rj28vw5oj6f7ox746grokg UNIQUE (post_id, user_id);


--
-- Name: users uk6dotkott2kjsp8vw4d0m25fb7; Type: CONSTRAINT; Schema: public; Owner: venueon
--

ALTER TABLE ONLY public.users
    ADD CONSTRAINT uk6dotkott2kjsp8vw4d0m25fb7 UNIQUE (email);


--
-- Name: community_members ukfr78n3lo0omh8or6dipyem6ii; Type: CONSTRAINT; Schema: public; Owner: venueon
--

ALTER TABLE ONLY public.community_members
    ADD CONSTRAINT ukfr78n3lo0omh8or6dipyem6ii UNIQUE (community_id, user_id);


--
-- Name: comment_likes ukgu1pee3567af29uutdfy0fcjd; Type: CONSTRAINT; Schema: public; Owner: venueon
--

ALTER TABLE ONLY public.comment_likes
    ADD CONSTRAINT ukgu1pee3567af29uutdfy0fcjd UNIQUE (comment_id, user_id);


--
-- Name: categories ukt8o6pivur7nn124jehx7cygw5; Type: CONSTRAINT; Schema: public; Owner: venueon
--

ALTER TABLE ONLY public.categories
    ADD CONSTRAINT ukt8o6pivur7nn124jehx7cygw5 UNIQUE (name);


--
-- Name: users users_pkey; Type: CONSTRAINT; Schema: public; Owner: venueon
--

ALTER TABLE ONLY public.users
    ADD CONSTRAINT users_pkey PRIMARY KEY (id);


--
-- Name: wishlist wishlist_pkey; Type: CONSTRAINT; Schema: public; Owner: venueon
--

ALTER TABLE ONLY public.wishlist
    ADD CONSTRAINT wishlist_pkey PRIMARY KEY (id);


--
-- Name: flyway_schema_history_s_idx; Type: INDEX; Schema: public; Owner: venueon
--

CREATE INDEX flyway_schema_history_s_idx ON public.flyway_schema_history USING btree (success);


--
-- Name: orders fk32ql8ubntj5uh44ph9659tiih; Type: FK CONSTRAINT; Schema: public; Owner: venueon
--

ALTER TABLE ONLY public.orders
    ADD CONSTRAINT fk32ql8ubntj5uh44ph9659tiih FOREIGN KEY (user_id) REFERENCES public.users(id);


--
-- Name: ticket_sessions fk3p922c9cpc1uqp9we3ej0l241; Type: FK CONSTRAINT; Schema: public; Owner: venueon
--

ALTER TABLE ONLY public.ticket_sessions
    ADD CONSTRAINT fk3p922c9cpc1uqp9we3ej0l241 FOREIGN KEY (ticket_id) REFERENCES public.tickets(id);


--
-- Name: tickets fk3utafe14rupaypjocldjaj4ol; Type: FK CONSTRAINT; Schema: public; Owner: venueon
--

ALTER TABLE ONLY public.tickets
    ADD CONSTRAINT fk3utafe14rupaypjocldjaj4ol FOREIGN KEY (event_id) REFERENCES public.events(id);


--
-- Name: comment_likes fk3wa5u7bs1p1o9hmavtgdgk1go; Type: FK CONSTRAINT; Schema: public; Owner: venueon
--

ALTER TABLE ONLY public.comment_likes
    ADD CONSTRAINT fk3wa5u7bs1p1o9hmavtgdgk1go FOREIGN KEY (comment_id) REFERENCES public.comments(id);


--
-- Name: orders fk43g2yroy6l7lfomw37wajkqrn; Type: FK CONSTRAINT; Schema: public; Owner: venueon
--

ALTER TABLE ONLY public.orders
    ADD CONSTRAINT fk43g2yroy6l7lfomw37wajkqrn FOREIGN KEY (event_id) REFERENCES public.events(id);


--
-- Name: event_sessions fk4j89lx7pd3n6ugkg9bcmgpu5j; Type: FK CONSTRAINT; Schema: public; Owner: venueon
--

ALTER TABLE ONLY public.event_sessions
    ADD CONSTRAINT fk4j89lx7pd3n6ugkg9bcmgpu5j FOREIGN KEY (event_id) REFERENCES public.events(id);


--
-- Name: orders fk56s83c9boy7i8d9v4kf9a9979; Type: FK CONSTRAINT; Schema: public; Owner: venueon
--

ALTER TABLE ONLY public.orders
    ADD CONSTRAINT fk56s83c9boy7i8d9v4kf9a9979 FOREIGN KEY (ticket_id) REFERENCES public.tickets(id);


--
-- Name: comment_likes fk6h3lbneryl5pyb9ykaju7werx; Type: FK CONSTRAINT; Schema: public; Owner: venueon
--

ALTER TABLE ONLY public.comment_likes
    ADD CONSTRAINT fk6h3lbneryl5pyb9ykaju7werx FOREIGN KEY (user_id) REFERENCES public.users(id);


--
-- Name: user_categories fk6r91537otve5embvcuv40is3j; Type: FK CONSTRAINT; Schema: public; Owner: venueon
--

ALTER TABLE ONLY public.user_categories
    ADD CONSTRAINT fk6r91537otve5embvcuv40is3j FOREIGN KEY (category_id) REFERENCES public.categories(id);


--
-- Name: posts fk6xvn0811tkyo3nfjk2xvqx6ns; Type: FK CONSTRAINT; Schema: public; Owner: venueon
--

ALTER TABLE ONLY public.posts
    ADD CONSTRAINT fk6xvn0811tkyo3nfjk2xvqx6ns FOREIGN KEY (author_id) REFERENCES public.users(id);


--
-- Name: events fk7ljm71n1057envlomdxcni5hs; Type: FK CONSTRAINT; Schema: public; Owner: venueon
--

ALTER TABLE ONLY public.events
    ADD CONSTRAINT fk7ljm71n1057envlomdxcni5hs FOREIGN KEY (creator_id) REFERENCES public.users(id);


--
-- Name: posts fk7rk45ficmsfhe8n1dojvqt6ui; Type: FK CONSTRAINT; Schema: public; Owner: venueon
--

ALTER TABLE ONLY public.posts
    ADD CONSTRAINT fk7rk45ficmsfhe8n1dojvqt6ui FOREIGN KEY (community_id) REFERENCES public.communities(id);


--
-- Name: post_bookmarks fk9b5c09u5arho7ei76d78bn7ww; Type: FK CONSTRAINT; Schema: public; Owner: venueon
--

ALTER TABLE ONLY public.post_bookmarks
    ADD CONSTRAINT fk9b5c09u5arho7ei76d78bn7ww FOREIGN KEY (user_id) REFERENCES public.users(id);


--
-- Name: post_likes fka5wxsgl4doibhbed9gm7ikie2; Type: FK CONSTRAINT; Schema: public; Owner: venueon
--

ALTER TABLE ONLY public.post_likes
    ADD CONSTRAINT fka5wxsgl4doibhbed9gm7ikie2 FOREIGN KEY (post_id) REFERENCES public.posts(id);


--
-- Name: post_bookmarks fkclpw1l6wrci96rfj0dtt3bfah; Type: FK CONSTRAINT; Schema: public; Owner: venueon
--

ALTER TABLE ONLY public.post_bookmarks
    ADD CONSTRAINT fkclpw1l6wrci96rfj0dtt3bfah FOREIGN KEY (post_id) REFERENCES public.posts(id);


--
-- Name: reports fkd3qiw2om5d2oh5xb7fbdcq225; Type: FK CONSTRAINT; Schema: public; Owner: venueon
--

ALTER TABLE ONLY public.reports
    ADD CONSTRAINT fkd3qiw2om5d2oh5xb7fbdcq225 FOREIGN KEY (reporter_id) REFERENCES public.users(id);


--
-- Name: user_categories fkdqpxght56isds8smi1frxg0xo; Type: FK CONSTRAINT; Schema: public; Owner: venueon
--

ALTER TABLE ONLY public.user_categories
    ADD CONSTRAINT fkdqpxght56isds8smi1frxg0xo FOREIGN KEY (user_id) REFERENCES public.users(id);


--
-- Name: communities fkehds1lhi1y9a8rweslp1esncn; Type: FK CONSTRAINT; Schema: public; Owner: venueon
--

ALTER TABLE ONLY public.communities
    ADD CONSTRAINT fkehds1lhi1y9a8rweslp1esncn FOREIGN KEY (creator_id) REFERENCES public.users(id);


--
-- Name: cart fkg5uhi8vpsuy0lgloxk2h4w5o6; Type: FK CONSTRAINT; Schema: public; Owner: venueon
--

ALTER TABLE ONLY public.cart
    ADD CONSTRAINT fkg5uhi8vpsuy0lgloxk2h4w5o6 FOREIGN KEY (user_id) REFERENCES public.users(id);


--
-- Name: orders fkgd5ammciw5sgjqy5hafdtjipc; Type: FK CONSTRAINT; Schema: public; Owner: venueon
--

ALTER TABLE ONLY public.orders
    ADD CONSTRAINT fkgd5ammciw5sgjqy5hafdtjipc FOREIGN KEY (session_id) REFERENCES public.event_sessions(id);


--
-- Name: comments fkh4c7lvsc298whoyd4w9ta25cr; Type: FK CONSTRAINT; Schema: public; Owner: venueon
--

ALTER TABLE ONLY public.comments
    ADD CONSTRAINT fkh4c7lvsc298whoyd4w9ta25cr FOREIGN KEY (post_id) REFERENCES public.posts(id);


--
-- Name: communities fkhi7jr3il90nrhisu3htfl4ks; Type: FK CONSTRAINT; Schema: public; Owner: venueon
--

ALTER TABLE ONLY public.communities
    ADD CONSTRAINT fkhi7jr3il90nrhisu3htfl4ks FOREIGN KEY (event_id) REFERENCES public.events(id);


--
-- Name: ticket_sessions fkivlxu4jnke4i9nivp0trluh3x; Type: FK CONSTRAINT; Schema: public; Owner: venueon
--

ALTER TABLE ONLY public.ticket_sessions
    ADD CONSTRAINT fkivlxu4jnke4i9nivp0trluh3x FOREIGN KEY (session_id) REFERENCES public.event_sessions(id);


--
-- Name: post_likes fkkgau5n0nlewg6o9lr4yibqgxj; Type: FK CONSTRAINT; Schema: public; Owner: venueon
--

ALTER TABLE ONLY public.post_likes
    ADD CONSTRAINT fkkgau5n0nlewg6o9lr4yibqgxj FOREIGN KEY (user_id) REFERENCES public.users(id);


--
-- Name: comments fklri30okf66phtcgbe5pok7cc0; Type: FK CONSTRAINT; Schema: public; Owner: venueon
--

ALTER TABLE ONLY public.comments
    ADD CONSTRAINT fklri30okf66phtcgbe5pok7cc0 FOREIGN KEY (parent_id) REFERENCES public.comments(id);


--
-- Name: community_members fkme7k1stbnwi6cpmm8a6sgcikn; Type: FK CONSTRAINT; Schema: public; Owner: venueon
--

ALTER TABLE ONLY public.community_members
    ADD CONSTRAINT fkme7k1stbnwi6cpmm8a6sgcikn FOREIGN KEY (user_id) REFERENCES public.users(id);


--
-- Name: host_profiles fkmoas5i4ry1m9mwgbgb1jdrhli; Type: FK CONSTRAINT; Schema: public; Owner: venueon
--

ALTER TABLE ONLY public.host_profiles
    ADD CONSTRAINT fkmoas5i4ry1m9mwgbgb1jdrhli FOREIGN KEY (user_id) REFERENCES public.users(id);


--
-- Name: comments fkn2na60ukhs76ibtpt9burkm27; Type: FK CONSTRAINT; Schema: public; Owner: venueon
--

ALTER TABLE ONLY public.comments
    ADD CONSTRAINT fkn2na60ukhs76ibtpt9burkm27 FOREIGN KEY (author_id) REFERENCES public.users(id);


--
-- Name: events fko6mla8j1p5bokt4dxrlmgwc28; Type: FK CONSTRAINT; Schema: public; Owner: venueon
--

ALTER TABLE ONLY public.events
    ADD CONSTRAINT fko6mla8j1p5bokt4dxrlmgwc28 FOREIGN KEY (category_id) REFERENCES public.categories(id);


--
-- Name: cart fkoqqsgaf5yiv0d60mxoyytgtfa; Type: FK CONSTRAINT; Schema: public; Owner: venueon
--

ALTER TABLE ONLY public.cart
    ADD CONSTRAINT fkoqqsgaf5yiv0d60mxoyytgtfa FOREIGN KEY (event_session_id) REFERENCES public.event_sessions(id);


--
-- Name: community_members fkqn9g17tqcwnoy41o2am9fnlep; Type: FK CONSTRAINT; Schema: public; Owner: venueon
--

ALTER TABLE ONLY public.community_members
    ADD CONSTRAINT fkqn9g17tqcwnoy41o2am9fnlep FOREIGN KEY (community_id) REFERENCES public.communities(id);


--
-- Name: refunds fkrtxief4co3k1lfklj7n05m8mo; Type: FK CONSTRAINT; Schema: public; Owner: venueon
--

ALTER TABLE ONLY public.refunds
    ADD CONSTRAINT fkrtxief4co3k1lfklj7n05m8mo FOREIGN KEY (user_id) REFERENCES public.users(id);


--
-- Name: refunds fksk9rqm7f6y8b1g0qob018hdm7; Type: FK CONSTRAINT; Schema: public; Owner: venueon
--

ALTER TABLE ONLY public.refunds
    ADD CONSTRAINT fksk9rqm7f6y8b1g0qob018hdm7 FOREIGN KEY (order_id) REFERENCES public.orders(id);


--
-- PostgreSQL database dump complete
--

\unrestrict Xx2eQxBT4X8UfppNkJasod3DNjGlQFjz4ZMVcMW5J5W0wCG9VEbhMRYmypUvXr4

